name,in-28F,pH2_s-28F,1-28F,2-28F,3-28F,4-28F,62-28F,48-28F,53-28F,65-28F,60-28F,67-28F,90-28F,85-28F,96-28F,97-28F,98-28F,106-28F,71-28F,79-28F,pH2_r-28F,pH12-28F,salt-28F
Sphingobacteriaceae,9213,4,12,0,11,0,0,103,32,0,19,7,0,0,0,0,189,0,0,0,0,4471,61
Burkholderiaceae,0,0,7,0,9,20,7,250,101,541,195,130,903,2017,0,4768,3116,4009,53,9916,0,0,0
Paenibacillaceae,0,0,41,66,22,29,147,0,20,24,0,0,0,0,0,0,0,0,0,0,0,0,0
Xanthomonadaceae,0,0,10,1,1,3,7,228,55,1573,284,959,1004,3775,0,0,2466,0,0,0,0,2919,1
Pseudomonadaceae,37,0,2411,6066,3717,5666,8092,1091,951,161,205,85,7535,28,0,0,0,0,4228,101,0,3,196
Chroococcales (family),318,4046,0,0,0,0,0,0,0,0,0,0,0,0,0,0,0,0,0,0,2,30,63
Staphylococcaceae,0,0,0,0,0,0,5,0,5,15,9,0,0,0,0,0,0,0,0,0,0,0,0
Flavobacteriaceae,3589,2,8,0,0,704,12,0,21,0,12,29,0,0,0,0,0,0,1,6,0,0,1038
Alcaligenaceae,2,0,0,0,0,0,0,24,6,0,15,0,0,103,0,0,0,0,31,0,0,20,0
Oscillatoriales (family),58,6946,0,0,0,0,0,0,2,0,0,0,0,0,0,0,0,0,0,0,4317,57,65
Oxalobacteraceae,0,0,17,1003,4,420,1380,30,37,0,28,0,0,65,695,0,0,0,0,13,0,0,0
Comamonadaceae,998,0,4,162,2,18,304,0,0,217,2,469,0,0,0,0,0,0,0,0,0,4,13
Enterobacteriaceae,0,0,529,83,23,169,139,1726,936,148,2287,3,0,3916,6635,0,1607,0,1631,125,0,0,0
Acetobacteraceae,0,0,0,0,0,3,0,0,0,0,0,3,0,0,0,0,0,222,0,1082,4,0,0
Neisseriaceae,0,0,0,0,0,35,9,0,1,0,1,0,0,0,0,0,0,0,0,0,0,0,0
Enterobacteriaceae::Pseudomonadaceae,0,0,5,0,0,0,0,77,10,0,38,0,0,77,125,0,0,0,3,0,0,0,0
Streptococcaceae,0,0,0,0,0,0,2,0,23,11,13,0,0,0,0,0,0,0,0,0,0,0,0
Oscillatoriales (family)::Chroococcales (family),0,59,0,0,0,0,0,0,0,0,0,0,0,0,0,0,0,0,0,0,0,0,0
Synergistaceae::Methylophilaceae,0,0,0,0,0,0,0,0,0,0,0,0,0,0,0,0,0,0,0,0,0,9,0
Piscirickettsiaceae,0,0,0,0,0,0,0,0,0,0,0,0,0,0,0,0,0,0,0,0,0,2,0
Nostocaceae,647,29,0,0,0,0,0,0,0,0,0,0,0,0,0,0,0,0,0,0,2157,858,1518
Microbacteriaceae,48,0,0,0,0,0,2,6,7,0,16,0,0,2,0,0,9,0,0,0,0,2,1
Nocardiaceae,0,0,0,0,0,0,0,0,50,0,13,0,0,0,0,0,0,0,0,0,0,29,0
Rhodocyclaceae,0,0,0,3,0,7,3,2,0,0,0,0,0,0,0,0,0,0,0,0,0,0,0
Aeromonadaceae,0,0,0,0,0,45,4,0,0,0,3,0,0,0,0,0,0,0,0,0,0,0,0
Propionibacteriaceae,0,0,0,0,0,0,0,0,33,12,8,6,0,0,0,0,0,0,0,0,0,0,0
Prochlorococcaceae,1,5,0,0,0,0,0,0,0,0,0,0,0,0,0,0,0,0,0,0,0,0,0
Caulobacteraceae::Erythrobacteraceae,0,0,0,0,0,0,0,0,0,0,0,0,0,0,0,0,0,0,0,0,0,1,0
Burkholderiales (family),0,0,0,7,1,1,18,0,0,0,0,0,0,0,0,0,0,0,0,0,0,0,0
Caulobacteraceae,111,0,0,0,0,0,0,0,0,0,4,12,0,0,0,0,0,0,0,0,0,23,4
Geodermatophilaceae,0,0,0,0,0,0,0,0,0,2,0,0,0,0,0,0,0,0,0,0,0,0,0
Enterobacteriaceae::Aeromonadaceae,0,0,0,0,0,3,0,0,0,0,0,0,0,0,0,0,0,0,0,0,0,0,0
Stigonematales (family),0,0,0,0,0,0,0,0,0,0,0,0,0,0,0,0,0,0,0,0,2,4,16
Pseudomonadaceae::Enterobacteriaceae,0,0,0,0,0,0,0,0,0,0,0,0,0,2,0,0,0,0,22,0,0,0,0
Rhizobiaceae,0,0,1,3,0,4,18,14,30,0,53,0,349,81,0,0,0,0,0,0,0,67,178
Oxalobacteraceae::Enterobacteriaceae,0,0,22,0,1,4,0,63,35,1,84,0,0,111,656,0,0,0,0,0,0,0,0
Nocardioidaceae,0,0,0,0,0,0,0,0,0,0,0,0,0,0,0,0,0,0,0,0,0,9,0
Enterobacteriaceae::Oxalobacteraceae,0,0,0,0,0,0,0,0,0,0,0,0,0,1,3,0,0,0,0,0,0,0,0
Bradyrhizobiaceae,12,0,1,0,0,0,1,0,2,85,0,95,93,26,0,0,0,0,0,0,0,0,0
Phyllobacteriaceae,0,0,0,0,0,0,0,0,0,1,0,8,3,1,0,0,0,0,0,0,0,57,97
Hyphomicrobiaceae,0,0,0,0,0,0,0,0,0,10,0,32,0,0,0,0,0,0,0,0,0,50,43
Rhodobacteraceae,0,0,0,0,0,0,0,0,0,0,0,0,0,0,0,0,0,0,0,0,0,62,3
Phyllobacteriaceae::Rhodobacteraceae,0,0,0,0,0,0,0,0,0,0,0,0,0,0,0,0,0,0,0,0,0,143,0
Methylobacteriaceae,43,1,0,0,0,0,0,0,0,5,6,0,0,0,0,0,0,0,0,0,0,0,1
Caulobacteraceae::Brucellaceae,0,0,0,0,0,0,0,0,0,0,0,0,0,0,0,0,0,0,0,0,0,46,0
Brucellaceae,39,0,4,0,0,0,0,0,0,0,0,0,0,0,0,0,0,0,0,0,0,7,4
Xanthomonadaceae::Vibrionaceae::Pseudomonadaceae,0,0,0,0,0,0,3,0,0,148,0,134,0,0,0,0,0,0,0,0,0,0,0
Xanthomonadaceae::Pseudomonadaceae,0,0,0,0,0,0,0,0,0,60,0,22,0,0,0,0,0,0,0,0,0,0,0
Vibrionaceae::Xanthomonadaceae,0,0,0,0,0,0,1,0,0,61,0,40,0,0,0,0,0,0,0,0,0,0,0
Clostridiaceae,0,39,0,0,0,0,0,0,0,0,5,0,0,0,0,0,0,0,0,0,0,1,0
Xanthomonadaceae::Vibrionaceae,0,0,0,0,0,0,0,0,0,8,0,1,0,0,0,0,0,0,0,0,0,0,0
Pleurocapsales (family),0,2,0,0,0,0,0,0,0,0,0,0,0,0,0,0,0,0,0,0,0,0,0
Streptomycetaceae,0,0,0,0,0,1,0,0,0,0,0,0,0,0,0,0,0,0,0,0,0,0,0
Rivulariaceae,0,1,0,0,0,0,0,0,0,0,0,0,0,0,0,0,0,0,0,0,5,0,1
Nostocaceae::Stigonematales (family),0,0,0,0,0,0,0,0,0,0,0,0,0,0,0,0,0,0,0,0,0,1,1
Oxalobacteraceae::Rhodocyclaceae,0,0,0,0,0,1,0,0,0,0,0,0,0,0,0,0,0,0,0,0,0,0,0
Comamonadaceae::Xanthomonadaceae,0,0,0,0,0,0,0,0,0,0,0,0,0,0,0,0,0,0,0,0,0,2,0
Enterobacteriaceae::Oxalobacteraceae::Pseudomonadaceae,0,0,0,0,0,0,0,0,0,0,0,0,0,1,3,0,0,0,0,0,0,0,0
Bacillaceae,0,1,0,0,0,0,0,0,16,0,0,0,0,0,0,0,0,0,0,0,0,0,0
Coxiellaceae,0,0,0,0,0,0,9,0,0,0,0,0,0,0,0,0,0,0,0,0,0,0,0
Cyclobacteriaceae,0,0,0,0,0,0,0,0,0,0,0,0,0,0,0,0,0,0,0,0,0,0,1542
Prevotellaceae,0,0,0,0,0,0,0,0,0,0,7,0,0,0,0,0,0,0,0,0,0,0,0
Methylophilaceae,0,0,0,0,0,0,2,0,0,0,0,0,0,0,0,0,0,0,0,0,0,0,0
Cytophagaceae,0,0,0,0,0,0,0,0,0,0,0,0,0,0,0,0,0,0,0,0,0,0,3
Halomonadaceae,0,0,0,0,0,0,0,0,0,0,0,0,0,0,0,0,0,0,0,0,0,0,86
Chitinophagaceae,0,0,0,0,0,0,0,0,0,0,4,0,0,0,0,0,0,0,0,0,0,0,0
Ruminococcaceae,0,0,0,0,0,0,0,0,0,0,20,0,0,0,0,0,0,0,0,0,0,0,0
Eubacteriaceae,0,0,0,0,0,0,0,0,0,0,4,0,0,0,0,0,0,0,0,0,0,0,0
Eubacteriaceae::Ruminococcaceae,0,0,0,0,0,0,0,0,0,0,6,0,0,0,0,0,0,0,0,0,0,0,0
Bacteroidetes (family),0,0,0,0,0,0,0,0,0,0,4,0,0,0,0,0,0,0,0,0,0,0,0
Sphingomonadaceae,3154,0,0,0,0,0,0,0,0,0,8,1,0,0,0,0,0,0,0,622,0,0,0
Moraxellaceae,0,0,0,2,0,0,10,0,0,0,0,0,0,0,0,0,0,0,0,0,0,0,0
Sinobacteraceae,0,0,0,0,0,0,0,0,0,0,0,0,0,0,0,0,0,0,0,0,0,0,8
Pseudomonadaceae::Burkholderiaceae,0,0,1,0,0,0,0,0,0,0,0,0,0,0,0,0,0,0,0,0,0,0,0
Lachnospiraceae,0,0,0,0,0,0,0,0,0,0,14,0,0,0,0,0,0,0,0,0,0,0,0
Acidaminococcaceae,0,0,0,0,0,0,0,0,0,0,2,0,0,0,0,0,0,0,0,0,0,0,0
Micrococcaceae,0,0,0,0,0,0,3,0,0,0,0,0,0,0,0,0,0,0,0,0,0,0,0
Coriobacteriaceae::Ruminococcaceae,0,0,0,0,0,0,0,0,0,0,8,0,0,0,0,0,0,0,0,0,0,0,0
Porphyromonadaceae,0,0,0,1,0,0,0,0,0,0,16,0,0,0,0,0,0,0,0,0,0,0,0
Rhizobiaceae::Phyllobacteriaceae,0,0,0,0,0,0,0,0,0,0,0,0,0,0,0,0,0,0,0,0,0,0,60
Bartonellaceae,0,0,0,0,0,0,0,0,0,0,0,0,0,0,0,0,0,0,0,0,0,0,18
Dietziaceae,0,0,0,0,0,0,0,0,0,0,0,0,0,0,0,0,0,0,0,0,0,0,24
Nostocaceae::Chroococcales (family),0,0,0,0,0,0,0,0,0,0,0,0,0,0,0,0,0,0,0,0,0,0,2
Microchaetaceae,0,0,0,0,0,0,0,0,0,0,0,0,0,0,0,0,0,0,0,0,0,0,2
Erythrobacteraceae,0,0,0,0,0,0,0,0,0,0,0,0,0,0,0,0,0,0,0,0,0,0,3
Phyllobacteriaceae::Nocardiaceae,0,0,0,0,0,0,0,0,0,0,0,0,0,0,0,0,0,0,0,0,0,0,6
Xanthobacteraceae,0,0,0,0,0,0,0,4,42,0,5,0,13,0,0,0,0,0,0,0,0,0,0
Rhizobiaceae::Rhodobacteraceae,0,0,0,0,0,0,0,0,0,0,0,0,0,0,0,0,0,0,0,0,0,0,3
Hyphomonadaceae,0,0,0,0,0,0,0,0,0,0,0,0,0,0,0,0,0,0,0,0,0,0,9
Gemmatimonadaceae,0,0,0,0,0,0,1,0,0,0,0,0,0,0,0,0,0,0,0,0,0,0,0
Clostridiales (family),0,0,0,0,0,0,0,0,0,0,3,0,0,0,0,0,0,0,0,0,0,0,0
Oxalobacteraceae::Pseudomonadaceae,0,0,0,2,0,0,10,0,0,0,0,0,0,0,1,0,0,0,0,0,0,0,0
Bacillaceae::Oxalobacteraceae,0,0,0,0,0,0,0,0,0,0,0,0,0,0,1,0,0,0,0,0,0,0,0
Dermabacteraceae,0,0,0,0,0,0,0,0,0,0,6,0,0,0,0,0,0,0,0,0,0,0,0
Erysipelotrichaceae,0,0,0,0,0,0,2,0,0,0,0,0,0,0,0,0,0,0,0,0,0,0,0
Corynebacteriaceae,0,0,0,0,0,0,1,0,6,0,2,0,0,0,0,0,0,0,0,0,0,0,0
Pseudoalteromonadaceae,0,0,0,0,0,0,0,0,0,0,0,0,0,0,1,0,0,0,0,0,0,0,1
Nostocaceae::Rivulariaceae,0,0,0,0,0,0,0,0,0,0,0,0,0,0,0,0,0,0,0,0,0,0,1
Bartonellaceae::Hyphomicrobiaceae,0,0,0,0,0,0,0,0,0,0,0,0,0,0,0,0,0,0,0,0,0,0,1
Pasteurellaceae,0,0,0,0,0,0,0,0,16,0,0,0,0,0,0,0,0,0,0,0,0,0,0
Oscillatoriales (family)::Nostocaceae,1,0,0,0,0,0,0,0,0,0,0,0,0,0,0,0,0,0,0,0,0,0,0
Nostocaceae::Oscillatoriales (family),9,0,0,0,0,0,0,0,0,0,0,0,0,0,0,0,0,0,0,0,0,0,0
Sphingobacteriaceae::Flavobacteriaceae,273,0,0,0,0,0,0,0,0,0,0,0,0,0,0,0,0,0,0,0,0,0,0
Pseudonocardiaceae,3,0,0,0,0,0,0,0,0,0,0,0,0,0,0,0,0,0,0,0,0,0,0
Flavobacteriaceae::Sphingobacteriaceae,3,0,0,0,0,0,0,0,0,0,0,0,0,0,0,0,0,0,0,0,0,0,0
Aurantimonadaceae,13,0,0,0,0,0,0,0,0,0,0,0,0,0,0,0,0,0,0,0,0,0,0
Prochloraceae,2,0,0,0,0,0,0,0,0,0,0,0,0,0,0,0,0,0,0,0,0,0,0
Flavobacteriaceae::Pseudomonadaceae,2,0,0,0,0,0,0,0,0,0,0,0,0,0,0,0,0,0,0,0,0,0,0
Rikenellaceae,0,0,0,1,0,0,0,0,0,0,0,0,0,0,0,0,0,0,0,0,0,0,0
Carnobacteriaceae,0,0,0,0,0,0,0,0,0,0,0,7,0,0,0,0,0,0,0,0,0,0,0
Lactobacillaceae,0,0,0,1,0,0,0,0,0,0,0,0,0,0,0,0,0,0,0,0,0,0,0
Alphaproteobacteria (family),0,0,0,0,0,0,0,0,0,0,0,2,0,0,0,0,0,0,0,0,0,0,0
